{
  "flowToEdges": true,
  "enableMod": true,
  "enableDisplacement": true,
  "enablePistonPushing": true,
  "rainRefillChance": 0.3,
  "oceanRiverSwampRefillChance": 1.0,
  "evaporationChanceV2": 1.0,
  "evaporationNetherChance": 1.0,
  "printRandomTicks": false,
  "hideFlowingTexture": true,
  "fullLiquidHeight": "REGULAR",
  "farmlandDrainWaterChance": 0.1,
  "debugWaterLevelColours": false,
  "waterLogFlowMode": "IN_FROM_TOP_ELSE_OUT",
  "waterFlowDistance": 4,
  "lavaFlowDistance": 2,
  "lavaNetherFlowDistance": 4,
  "waterTickDelay": 2,
  "lavaTickDelay": 15,
  "lavaNetherTickDelay": 5,
  "randomTickLevelingDistance": 32,
  "drinkWaterToBreedAnimalChance": 0.1,
  "encloseAllFluidOnWorldGen": true,
  "announceWorldGenActions": false,
  "easyPistonPump": true,
  "waterFlowAffectsBoats": false,
  "waterFlowAffectsEntities": true,
  "waterFlowAffectsPlayers": false,
  "waterFlowAffectsItems": true,
  "infiniteWaterBiomeNonConsumeChance": 0.01,
  "infiniteWaterBiomeDrainSurfaceChance": 0.1,
  "minWaterLevelForIce": 4,
  "rainFillsWaterHigherV2": false,
  "minLavaLevelForObsidian": 6,
  "fastBiomeRefillAtSeaLevelOnly": false,
  "playerBlockDistanceForFlowing": 0,
  "concreteDrainsWaterChance": 0.5,
  "create_waterWheelMode": "REQUIRE_FLOW_OR_RIVER",
  "create_infinitePipes": false,
  "fluidBlacklist": []
}